{
  "properties": {
    "connectionReferences": {
      "shared_sharepointonline": {
        "runtimeSource": "embedded",
        "connection": {
          "connectionReferenceLogicalName": "cr0b9_sharedsharepointonline_ab1c6"
        },
        "api": {
          "name": "shared_sharepointonline"
        }
      }
    },
    "definition": {
      "$schema": "https://schema.management.azure.com/providers/Microsoft.Logic/schemas/2016-06-01/workflowdefinition.json#",
      "contentVersion": "1.0.0.0",
      "parameters": {
        "$connections": {
          "defaultValue": {},
          "type": "Object"
        },
        "$authentication": {
          "defaultValue": {},
          "type": "SecureObject"
        }
      },
      "triggers": {
        "manual": {
          "metadata": {
            "operationMetadataId": "d3b3a4a2-59e9-427f-84a7-907da02af263"
          },
          "type": "Request",
          "kind": "Button",
          "inputs": {
            "schema": {
              "type": "object",
              "properties": {
                "text": {
                  "title": "spSite",
                  "type": "string",
                  "x-ms-dynamically-added": true,
                  "description": "Eingabe eingeben",
                  "x-ms-content-hint": "TEXT"
                },
                "text_1": {
                  "title": "permissionLevel",
                  "type": "string",
                  "x-ms-dynamically-added": true,
                  "description": "Eingabe eingeben",
                  "x-ms-content-hint": "TEXT"
                }
              },
              "required": [
                "text",
                "text_1"
              ]
            }
          }
        }
      },
      "actions": {
        "Auf_eine_PowerApp_oder_einen_Flow_antworten": {
          "runAfter": {
            "get_id": [
              "Succeeded"
            ]
          },
          "metadata": {
            "operationMetadataId": "5b3eab33-2535-4268-8616-f21bfa4e5388"
          },
          "type": "Response",
          "kind": "PowerApp",
          "inputs": {
            "statusCode": 200,
            "body": {
              "permissionid": "@{outputs('get_id')}"
            },
            "schema": {
              "type": "object",
              "properties": {
                "permissionid": {
                  "title": "permissionId",
                  "x-ms-dynamically-added": true,
                  "type": "string"
                }
              }
            }
          }
        },
        "get_item_from_permission_level_list": {
          "runAfter": {},
          "metadata": {
            "operationMetadataId": "35fb6c24-8140-450c-885e-03e398cc9041"
          },
          "type": "OpenApiConnection",
          "inputs": {
            "host": {
              "apiId": "/providers/Microsoft.PowerApps/apis/shared_sharepointonline",
              "connectionName": "shared_sharepointonline",
              "operationId": "HttpRequest"
            },
            "parameters": {
              "dataset": "@triggerBody()['text']",
              "parameters/method": "GET",
              "parameters/uri": "_api/web/lists/getByTitle('Permission_Level')/items?$select=Permission_ID,Permission_Name&$filter=Permission_Name eq '@{triggerBody()['text_1']}'"
            },
            "authentication": {
              "value": "@json(decodeBase64(triggerOutputs().headers['X-MS-APIM-Tokens']))['$ConnectionKey']",
              "type": "Raw"
            }
          }
        },
        "get_id": {
          "runAfter": {
            "get_item_from_permission_level_list": [
              "Succeeded"
            ]
          },
          "metadata": {
            "operationMetadataId": "6f35c08c-83a1-4028-a722-b9f6621fdbed"
          },
          "type": "Compose",
          "inputs": "@body('get_item_from_permission_level_list')['d']['results'][0]['Permission_ID']"
        }
      }
    },
    "templateName": null
  },
  "schemaVersion": "1.0.0.0"
}