{
  "properties": {
    "connectionReferences": {
      "shared_sharepointonline": {
        "runtimeSource": "embedded",
        "connection": {
          "connectionReferenceLogicalName": "cr0b9_sharedsharepointonline_ab1c6"
        },
        "api": {
          "name": "shared_sharepointonline"
        }
      }
    },
    "definition": {
      "$schema": "https://schema.management.azure.com/providers/Microsoft.Logic/schemas/2016-06-01/workflowdefinition.json#",
      "contentVersion": "1.0.0.0",
      "parameters": {
        "$connections": {
          "defaultValue": {},
          "type": "Object"
        },
        "$authentication": {
          "defaultValue": {},
          "type": "SecureObject"
        }
      },
      "triggers": {
        "manual": {
          "metadata": {
            "operationMetadataId": "63df7fc0-3d43-4829-b3cd-cee6634cfe44"
          },
          "type": "Request",
          "kind": "Button",
          "inputs": {
            "schema": {
              "type": "object",
              "properties": {
                "email": {
                  "title": "User",
                  "type": "string",
                  "format": "email",
                  "x-ms-dynamically-added": true,
                  "description": "Geben Sie eine E-Mail-Adresse ein.",
                  "x-ms-content-hint": "EMAIL"
                },
                "text": {
                  "title": "spSite",
                  "type": "string",
                  "x-ms-dynamically-added": true,
                  "description": "Eingabe eingeben",
                  "x-ms-content-hint": "TEXT"
                }
              },
              "required": [
                "email",
                "text"
              ]
            }
          }
        }
      },
      "actions": {
        "Respond_to_a_PowerApp_or_flow": {
          "runAfter": {
            "Get_ID_of_User_or_": [
              "Succeeded"
            ]
          },
          "metadata": {
            "operationMetadataId": "c070c64f-62ca-4c2b-8fea-6777c1eda28d"
          },
          "type": "Response",
          "kind": "PowerApp",
          "inputs": {
            "statusCode": 200,
            "body": {
              "principalid": "@{outputs('Get_ID_of_User_or_')}"
            },
            "schema": {
              "type": "object",
              "properties": {
                "principalid": {
                  "title": "PrincipalId",
                  "x-ms-dynamically-added": true,
                  "type": "string"
                }
              }
            }
          }
        },
        "Get_User_Information": {
          "runAfter": {},
          "metadata": {
            "operationMetadataId": "e3d0a26e-0ab2-4ba4-898f-b44bd3b2b647"
          },
          "type": "OpenApiConnection",
          "inputs": {
            "host": {
              "apiId": "/providers/Microsoft.PowerApps/apis/shared_sharepointonline",
              "connectionName": "shared_sharepointonline",
              "operationId": "HttpRequest"
            },
            "parameters": {
              "dataset": "@triggerBody()['text']",
              "parameters/method": "GET",
              "parameters/uri": "_api/web/SiteUsers/getByEmail('@{triggerBody()['email']}')"
            },
            "authentication": {
              "value": "@json(decodeBase64(triggerOutputs().headers['X-MS-APIM-Tokens']))['$ConnectionKey']",
              "type": "Raw"
            }
          }
        },
        "Get_ID_of_User_or_": {
          "runAfter": {
            "Get_User_Information": [
              "Succeeded"
            ]
          },
          "metadata": {
            "operationMetadataId": "808a87ab-3633-4166-bf24-966ff7451fb2"
          },
          "type": "Compose",
          "inputs": "@body('Get_User_Information')['d']['Id']"
        }
      }
    },
    "templateName": null
  },
  "schemaVersion": "1.0.0.0"
}