{
  "properties": {
    "connectionReferences": {},
    "definition": {
      "$schema": "https://schema.management.azure.com/providers/Microsoft.Logic/schemas/2016-06-01/workflowdefinition.json#",
      "contentVersion": "1.0.0.0",
      "parameters": {
        "$authentication": {
          "defaultValue": {},
          "type": "SecureObject"
        }
      },
      "triggers": {
        "manual": {
          "metadata": {
            "operationMetadataId": "ae61797d-41ba-4821-90c9-708fdf5334f3"
          },
          "type": "Request",
          "kind": "Button",
          "inputs": {
            "schema": {
              "type": "object",
              "properties": {
                "text": {
                  "title": "itemId",
                  "type": "string",
                  "x-ms-dynamically-added": true,
                  "description": "Eingabe eingeben",
                  "x-ms-content-hint": "TEXT"
                },
                "text_1": {
                  "title": "list",
                  "type": "string",
                  "x-ms-dynamically-added": true,
                  "description": "Eingabe eingeben",
                  "x-ms-content-hint": "TEXT"
                },
                "text_2": {
                  "title": "spSite",
                  "type": "string",
                  "x-ms-dynamically-added": true,
                  "description": "Eingabe eingeben",
                  "x-ms-content-hint": "TEXT"
                },
                "text_3": {
                  "title": "permissionLevel",
                  "type": "string",
                  "x-ms-dynamically-added": true,
                  "description": "Eingabe eingeben",
                  "x-ms-content-hint": "TEXT"
                },
                "email": {
                  "title": "user",
                  "type": "string",
                  "format": "email",
                  "x-ms-dynamically-added": true,
                  "description": "Geben Sie eine E-Mail-Adresse ein.",
                  "x-ms-content-hint": "EMAIL"
                },
                "text_4": {
                  "title": "type",
                  "type": "string",
                  "x-ms-dynamically-added": true,
                  "description": "Eingabe eingeben",
                  "x-ms-content-hint": "TEXT",
                  "enum": [
                    "list",
                    "item"
                  ]
                }
              },
              "required": [
                "text_1",
                "text_2",
                "text_3",
                "email",
                "text_4"
              ]
            }
          }
        }
      },
      "actions": {
        "Auf_eine_PowerApp_oder_einen_Flow_antworten": {
          "runAfter": {
            "check_for_type": [
              "Succeeded"
            ]
          },
          "metadata": {
            "operationMetadataId": "dd501c21-e853-4e96-81e1-5f4b75322841"
          },
          "type": "Response",
          "kind": "PowerApp",
          "inputs": {
            "statusCode": 200,
            "body": {},
            "schema": {
              "type": "object",
              "properties": {}
            }
          }
        },
        "check_for_type": {
          "actions": {
            "set_list_permission": {
              "runAfter": {},
              "metadata": {
                "operationMetadataId": "830fa7bd-4b67-4343-b8e3-89e2bcb0115b"
              },
              "type": "Workflow",
              "inputs": {
                "host": {
                  "workflowReferenceName": "1b65f08a-187f-ee11-8179-0022486f4cdc"
                },
                "body": {
                  "text": "@triggerBody()['text_1']",
                  "text_1": "@body('get_user_principal')?['principalid']",
                  "text_2": "@triggerBody()['text_2']",
                  "text_3": "@body('get_permission_level_id')?['permissionid']"
                }
              }
            }
          },
          "runAfter": {
            "get_permission_level_id": [
              "Succeeded"
            ]
          },
          "else": {
            "actions": {
              "set_item_permissions": {
                "runAfter": {},
                "metadata": {
                  "operationMetadataId": "842827df-7920-445b-9292-63685527113f"
                },
                "type": "Workflow",
                "inputs": {
                  "host": {
                    "workflowReferenceName": "d8b6d77b-1a7f-ee11-8179-0022486f4cdc"
                  },
                  "body": {
                    "text": "@triggerBody()['text_1']",
                    "text_1": "@body('get_permission_level_id')?['permissionid']",
                    "text_2": "@body('get_user_principal')?['principalid']",
                    "text_3": "@triggerBody()['text_2']",
                    "text_4": "@triggerBody()?['text']"
                  }
                }
              }
            }
          },
          "expression": {
            "equals": [
              "@triggerBody()['text_4']",
              "list"
            ]
          },
          "metadata": {
            "operationMetadataId": "74b5b88b-ce9f-4fe1-a9d2-9288c312d086"
          },
          "type": "If"
        },
        "get_user_principal": {
          "runAfter": {},
          "metadata": {
            "operationMetadataId": "64963abc-b6f1-426f-b50f-881748117dd5"
          },
          "type": "Workflow",
          "inputs": {
            "host": {
              "workflowReferenceName": "4eb96d02-187f-ee11-8179-0022486f4cdc"
            },
            "body": {
              "email": "@triggerBody()['email']",
              "text": "@triggerBody()['text_2']"
            }
          }
        },
        "get_permission_level_id": {
          "runAfter": {
            "get_user_principal": [
              "Succeeded"
            ]
          },
          "metadata": {
            "operationMetadataId": "890649bd-9cd6-4a02-89e5-ec13fb32a644"
          },
          "type": "Workflow",
          "inputs": {
            "host": {
              "workflowReferenceName": "185bc070-1c7f-ee11-8179-0022486f4cdc"
            },
            "body": {
              "text": "@triggerBody()['text_2']",
              "text_1": "@triggerBody()['text_3']"
            }
          }
        }
      }
    },
    "templateName": ""
  },
  "schemaVersion": "1.0.0.0"
}