{
  "properties": {
    "connectionReferences": {},
    "definition": {
      "$schema": "https://schema.management.azure.com/providers/Microsoft.Logic/schemas/2016-06-01/workflowdefinition.json#",
      "contentVersion": "1.0.0.0",
      "parameters": {
        "$authentication": {
          "defaultValue": {},
          "type": "SecureObject"
        }
      },
      "triggers": {
        "manual": {
          "metadata": {
            "operationMetadataId": "62127400-f0e6-4998-a47e-7dd5946629ab"
          },
          "type": "Request",
          "kind": "Button",
          "inputs": {
            "schema": {
              "type": "object",
              "properties": {
                "text": {
                  "title": "list",
                  "type": "string",
                  "x-ms-dynamically-added": true,
                  "description": "Eingabe eingeben",
                  "x-ms-content-hint": "TEXT"
                },
                "text_1": {
                  "title": "spSite",
                  "type": "string",
                  "x-ms-dynamically-added": true,
                  "description": "Eingabe eingeben",
                  "x-ms-content-hint": "TEXT"
                },
                "email": {
                  "title": "user",
                  "type": "string",
                  "format": "email",
                  "x-ms-dynamically-added": true,
                  "description": "Geben Sie eine E-Mail-Adresse ein.",
                  "x-ms-content-hint": "EMAIL"
                },
                "text_2": {
                  "title": "type",
                  "type": "string",
                  "x-ms-dynamically-added": true,
                  "description": "Eingabe eingeben",
                  "x-ms-content-hint": "TEXT",
                  "enum": [
                    "list",
                    "item"
                  ]
                },
                "text_3": {
                  "title": "itemId",
                  "type": "string",
                  "x-ms-dynamically-added": true,
                  "description": "Eingabe eingeben",
                  "x-ms-content-hint": "TEXT"
                }
              },
              "required": [
                "text",
                "text_1",
                "email",
                "text_2"
              ]
            }
          }
        }
      },
      "actions": {
        "respond": {
          "runAfter": {
            "check_for_type": [
              "Succeeded"
            ]
          },
          "metadata": {
            "operationMetadataId": "c9eba3dc-a830-4a06-9c13-063417d73e00"
          },
          "type": "Response",
          "kind": "PowerApp",
          "inputs": {
            "statusCode": 200,
            "body": {},
            "schema": {
              "type": "object",
              "properties": {}
            }
          }
        },
        "get_user_principal_id": {
          "runAfter": {},
          "metadata": {
            "operationMetadataId": "c753302a-8077-4e8e-890e-292a43dbf7b6"
          },
          "type": "Workflow",
          "inputs": {
            "host": {
              "workflowReferenceName": "4eb96d02-187f-ee11-8179-0022486f4cdc"
            },
            "body": {
              "email": "@triggerBody()['email']",
              "text": "@triggerBody()['text_1']"
            }
          }
        },
        "check_for_type": {
          "actions": {
            "reset_list_permission_for_user": {
              "runAfter": {},
              "metadata": {
                "operationMetadataId": "31a6cf90-c60c-4474-a6c3-574dde3d4cd1"
              },
              "type": "Workflow",
              "inputs": {
                "host": {
                  "workflowReferenceName": "101ef5bc-1e7f-ee11-8179-0022486f4cdc"
                },
                "body": {
                  "text": "@body('get_user_principal_id')?['principalid']",
                  "text_1": "@triggerBody()['text']",
                  "text_2": "@triggerBody()['text_1']"
                }
              }
            }
          },
          "runAfter": {
            "get_user_principal_id": [
              "Succeeded"
            ]
          },
          "else": {
            "actions": {
              "reset_item_permission_for_user": {
                "runAfter": {},
                "metadata": {
                  "operationMetadataId": "6d738f62-2d92-412c-bae5-dccc3f9e0428"
                },
                "type": "Workflow",
                "inputs": {
                  "host": {
                    "workflowReferenceName": "ea8b74dc-1e7f-ee11-8179-0022486f4cdc"
                  },
                  "body": {
                    "text": "@body('get_user_principal_id')?['principalid']",
                    "text_1": "@triggerBody()['text']",
                    "text_2": "@triggerBody()['text_3']",
                    "text_3": "@triggerBody()['text_1']"
                  }
                }
              }
            }
          },
          "expression": {
            "equals": [
              "@triggerBody()['text_2']",
              "list"
            ]
          },
          "metadata": {
            "operationMetadataId": "b893ba91-cfd5-4074-9d90-c193c8387b87"
          },
          "type": "If"
        }
      }
    },
    "templateName": ""
  },
  "schemaVersion": "1.0.0.0"
}