{
  "properties": {
    "connectionReferences": {
      "shared_sharepointonline": {
        "runtimeSource": "embedded",
        "connection": {
          "connectionReferenceLogicalName": "cr0b9_sharedsharepointonline_ab1c6"
        },
        "api": {
          "name": "shared_sharepointonline"
        }
      }
    },
    "definition": {
      "$schema": "https://schema.management.azure.com/providers/Microsoft.Logic/schemas/2016-06-01/workflowdefinition.json#",
      "contentVersion": "1.0.0.0",
      "parameters": {
        "$connections": {
          "defaultValue": {},
          "type": "Object"
        },
        "$authentication": {
          "defaultValue": {},
          "type": "SecureObject"
        }
      },
      "triggers": {
        "manual": {
          "metadata": {
            "operationMetadataId": "747bc076-e7a6-48ec-ae62-a522c27a0107"
          },
          "type": "Request",
          "kind": "Button",
          "inputs": {
            "schema": {
              "type": "object",
              "properties": {
                "text": {
                  "title": "userId",
                  "type": "string",
                  "x-ms-dynamically-added": true,
                  "description": "Eingabe eingeben",
                  "x-ms-content-hint": "TEXT"
                },
                "text_1": {
                  "title": "list",
                  "type": "string",
                  "x-ms-dynamically-added": true,
                  "description": "Eingabe eingeben",
                  "x-ms-content-hint": "TEXT"
                },
                "text_2": {
                  "title": "spSite",
                  "type": "string",
                  "x-ms-dynamically-added": true,
                  "description": "Eingabe eingeben",
                  "x-ms-content-hint": "TEXT"
                }
              },
              "required": [
                "text",
                "text_1",
                "text_2"
              ]
            }
          }
        }
      },
      "actions": {
        "respond": {
          "runAfter": {
            "reset_list_permissions_for_user": [
              "Succeeded"
            ]
          },
          "metadata": {
            "operationMetadataId": "dbb80f28-74ac-4c5e-96ba-d04cb6bd5e1d"
          },
          "type": "Response",
          "kind": "PowerApp",
          "inputs": {
            "statusCode": 200,
            "body": {},
            "schema": {
              "type": "object",
              "properties": {}
            }
          }
        },
        "reset_list_permissions_for_user": {
          "runAfter": {},
          "metadata": {
            "operationMetadataId": "c3159002-8e67-49b4-8993-310ef187eb41"
          },
          "type": "OpenApiConnection",
          "inputs": {
            "host": {
              "connectionName": "shared_sharepointonline",
              "operationId": "HttpRequest",
              "apiId": "/providers/Microsoft.PowerApps/apis/shared_sharepointonline"
            },
            "parameters": {
              "dataset": "@triggerBody()['text_2']",
              "parameters/method": "DELETE",
              "parameters/uri": "_api/web/lists/getByTitle('@{triggerBody()['text_1']}')/roleassignments(principalid='@{triggerBody()['text']}')"
            },
            "authentication": {
              "type": "Raw",
              "value": "@json(decodeBase64(triggerOutputs().headers['X-MS-APIM-Tokens']))['$ConnectionKey']"
            }
          }
        }
      }
    },
    "templateName": ""
  },
  "schemaVersion": "1.0.0.0"
}