{
  "properties": {
    "connectionReferences": {
      "shared_sharepointonline": {
        "runtimeSource": "embedded",
        "connection": {
          "connectionReferenceLogicalName": "cr0b9_sharedsharepointonline_ab1c6"
        },
        "api": {
          "name": "shared_sharepointonline"
        }
      }
    },
    "definition": {
      "$schema": "https://schema.management.azure.com/providers/Microsoft.Logic/schemas/2016-06-01/workflowdefinition.json#",
      "contentVersion": "1.0.0.0",
      "parameters": {
        "$connections": {
          "defaultValue": {},
          "type": "Object"
        },
        "$authentication": {
          "defaultValue": {},
          "type": "SecureObject"
        }
      },
      "triggers": {
        "manual": {
          "metadata": {
            "operationMetadataId": "878d7970-4dfa-4655-b572-b436ea729668"
          },
          "type": "Request",
          "kind": "Button",
          "inputs": {
            "schema": {
              "type": "object",
              "properties": {
                "text": {
                  "title": "list",
                  "type": "string",
                  "x-ms-dynamically-added": true,
                  "description": "Eingabe eingeben",
                  "x-ms-content-hint": "TEXT"
                },
                "text_1": {
                  "title": "permissionLevel",
                  "type": "string",
                  "x-ms-dynamically-added": true,
                  "description": "Eingabe eingeben",
                  "x-ms-content-hint": "TEXT"
                },
                "text_2": {
                  "title": "userId",
                  "type": "string",
                  "x-ms-dynamically-added": true,
                  "description": "Eingabe eingeben",
                  "x-ms-content-hint": "TEXT"
                },
                "text_3": {
                  "title": "spSite",
                  "type": "string",
                  "x-ms-dynamically-added": true,
                  "description": "Eingabe eingeben",
                  "x-ms-content-hint": "TEXT"
                },
                "text_4": {
                  "title": "itemId",
                  "type": "string",
                  "x-ms-dynamically-added": true,
                  "description": "Eingabe eingeben",
                  "x-ms-content-hint": "TEXT"
                }
              },
              "required": [
                "text",
                "text_1",
                "text_2",
                "text_3",
                "text_4"
              ]
            }
          }
        }
      },
      "actions": {
        "respond": {
          "runAfter": {
            "grant_permissions_on_list_item_to_user": [
              "Succeeded"
            ]
          },
          "metadata": {
            "operationMetadataId": "e6cde26b-6030-4227-acbe-fc63425cafd3"
          },
          "type": "Response",
          "kind": "PowerApp",
          "inputs": {
            "statusCode": 200,
            "body": {},
            "schema": {
              "type": "object",
              "properties": {}
            }
          }
        },
        "break_role_inheritance_of_list_item": {
          "runAfter": {},
          "metadata": {
            "operationMetadataId": "1c8b96a9-50e7-42df-a034-e62696e70ce0"
          },
          "type": "OpenApiConnection",
          "inputs": {
            "host": {
              "connectionName": "shared_sharepointonline",
              "operationId": "HttpRequest",
              "apiId": "/providers/Microsoft.PowerApps/apis/shared_sharepointonline"
            },
            "parameters": {
              "dataset": "@triggerBody()['text_3']",
              "parameters/method": "POST",
              "parameters/uri": "_api/lists/getByTitle('@{triggerBody()['text']}')/items(@{triggerBody()['text_4']})/breakroleinheritance(copyRoleAssignments=true,clearSubscopes=true)",
              "parameters/headers": {
                "Accept": "application/json",
                "Content-type": "application/json"
              }
            },
            "authentication": {
              "type": "Raw",
              "value": "@json(decodeBase64(triggerOutputs().headers['X-MS-APIM-Tokens']))['$ConnectionKey']"
            }
          }
        },
        "grant_permissions_on_list_item_to_user": {
          "runAfter": {
            "break_role_inheritance_of_list_item": [
              "Succeeded"
            ]
          },
          "metadata": {
            "operationMetadataId": "5ed7b701-47cd-4237-a049-bba07585bb24"
          },
          "type": "OpenApiConnection",
          "inputs": {
            "host": {
              "connectionName": "shared_sharepointonline",
              "operationId": "HttpRequest",
              "apiId": "/providers/Microsoft.PowerApps/apis/shared_sharepointonline"
            },
            "parameters": {
              "dataset": "@triggerBody()['text_3']",
              "parameters/method": "POST",
              "parameters/uri": "_api/web/lists/getByTitle('@{triggerBody()['text']}')/items(@{triggerBody()['text_4']})/roleassignments/addroleassignment(principalid=@{triggerBody()['text_2']},roleDefId=@{triggerBody()['text_1']})",
              "parameters/headers": {
                "Accept": "application/json",
                "Content-type": "application/json"
              }
            },
            "authentication": {
              "type": "Raw",
              "value": "@json(decodeBase64(triggerOutputs().headers['X-MS-APIM-Tokens']))['$ConnectionKey']"
            }
          }
        }
      }
    },
    "templateName": ""
  },
  "schemaVersion": "1.0.0.0"
}